file,species
0021e90e4.png,Sugar beet
003d61042.png,Sugar beet
007b3da8b.png,Sugar beet
0086a6340.png,Sugar beet
00c47e980.png,Sugar beet
00d090cde.png,Sugar beet
00ef713a8.png,Sugar beet
01291174f.png,Sugar beet
026716f9b.png,Sugar beet
02cfeb38d.png,Sugar beet
03566743d.png,Common Chickweed
03a2ee656.png,Sugar beet
03e322a29.png,Sugar beet
03ef36742.png,Sugar beet
043449b0b.png,Sugar beet
0437393b1.png,Sugar beet
04814f36d.png,Sugar beet
05341a8a6.png,Sugar beet
060450d79.png,Sugar beet
060f1dc84.png,Sugar beet
0625f063b.png,Sugar beet
063363305.png,Sugar beet
06d12f6fa.png,Sugar beet
071cb3ece.png,Sugar beet
0751c0bbc.png,Sugar beet
07e62f903.png,Common Chickweed
085974290.png,Sugar beet
0885e7690.png,Common Chickweed
089ad62a7.png,Common Chickweed
08d591441.png,Sugar beet
0911d3dee.png,Sugar beet
099b961ec.png,Sugar beet
0a64e3e6c.png,Sugar beet
0ad9e7dfb.png,Common Chickweed
0ae6668fa.png,Sugar beet
0bf7bfb05.png,Sugar beet
0c27cf05f.png,Sugar beet
0c4199daa.png,Sugar beet
0c45ace27.png,Sugar beet
0c51bf229.png,Common Chickweed
0c5f6c493.png,Sugar beet
0caeda5df.png,Sugar beet
0d117d910.png,Sugar beet
0d31e6602.png,Sugar beet
0dba99002.png,Sugar beet
0e8492cb1.png,Sugar beet
0ebf8f2f4.png,Common Chickweed
0ee4ad224.png,Sugar beet
0f6cbe5e8.png,Common Chickweed
0fb233ad6.png,Sugar beet
100678009896320647899893409088656908765.png,Sugar beet
104683525912619422361857060634408985829.png,Sugar beet
106969068951140273655041470296347064369.png,Sugar beet
110408828332335439225773811218593171507.png,Sugar beet
110611044018222634138856823020713578824.png,Sugar beet
112485258353284290672019959199048368754.png,Sugar beet
114772305850941529804817023941438556136.png,dog
114928248151480809544723696673666065832.png,Sugar beet
115f93ecc.png,Sugar beet
116704387373891336451565740440867502286.png,Sugar beet
116b136de.png,Sugar beet
117543511520732421976880066624886538965.png,cow
11816076994895324649934163808334277882.png,cow
1191ba346.png,Sugar beet
11d3f68ff.png,Sugar beet
122913909.png,Common Chickweed
124047223733496743652165022394853255380.png,Sugar beet
12625488b.png,Sugar beet
126885852381802297485400046421120374507.png,Fat Hen
126a71ce0.png,Sugar beet
128150439282056712115408218271508522690.png,Common Chickweed
128666660697340047860559405866579513119.png,Sugar beet
129743092130922354709757083873252591694.png,Sugar beet
129912795065426341768877479705680766581.png,Sugar beet
1312065a5.png,Sugar beet
131515028209415829337163444258686192234.png,Sugar beet
133841806823844001284779128832235658927.png,Sugar beet
134223686023004660961320948290751077062.png,horse
134517694510611052674113344385520452621.png,Sugar beet
1364b297a.png,Sugar beet
1376f3b63.png,Sugar beet
138087630898562419769770784939807813111.png,Sugar beet
13b9fa92d.png,Sugar beet
140857853165198415574902366279087906293.png,cow
140874279045691525639698180662781108545.png,Sugar beet
14090112419467635596243152474014384963.png,dog
141134796774537872893376214203054235318.png,Sugar beet
141288964762857107986328591477323779391.png,Sugar beet
14380194072277964234041208705738750077.png,Sugar beet
1456216224179311383053419850660836360.png,cow
1459e96a0.png,Sugar beet
146785100480898461107064555952020161494.png,Sugar beet
148bbda66.png,Sugar beet
14bb43eee.png,Sugar beet
1541bdb2e.png,Common Chickweed
154724755307757630427856846047520394512.png,Fat Hen
155756667098961875765933154970540649956.png,Common Chickweed
156501488117142425871132707485449087127.png,dog
157140348088638880269647872951614795497.png,Sugar beet
158015087220133722354507397127581689790.png,Sugar beet
158568641639916073956357578317310077522.png,cow
159097802903600686184733580836417241116.png,Sugar beet
161196054664388557991196765680101972961.png,Sugar beet
162067984167559497589802256577226317703.png,Sugar beet
1623fb9e1.png,Sugar beet
16357b436.png,Sugar beet
163695579935400027337996780584674285580.png,Sugar beet
164220732858183449269454108375924012403.png,Sugar beet
16467a950.png,Sugar beet
165681fd9.png,Sugar beet
16568802823399926537993912978242608531.png,dog
165697452593065637739550612453914041943.png,cow
166441517905955823139547549624675940523.png,Sugar beet
167036249800467535507023746338272377946.png,Sugar beet
168385630382723891591620139842599285701.png,cow
1694a70e4.png,Sugar beet
16fd2e01a.png,Sugar beet
171099943741832123027355289862837280713.png,Sugar beet
171720249867167170640390438502627974069.png,Sugar beet
172f9b10b.png,Sugar beet
174584585708402934949468205947202087528.png,Sugar beet
17529c555.png,Sugar beet
1758a1baf.png,Sugar beet
177597797005870580821610305585986395357.png,Sugar beet
177d7e2a4.png,Sugar beet
17a78fb44.png,Sugar beet
17d5e5ac4.png,Sugar beet
1821eb11a.png,Sugar beet
184823180061507477615223147578186422542.png,Fat Hen
187668bde.png,Sugar beet
1926e82fd.png,Sugar beet
192968486686556129701619561901370849000.png,Sugar beet
1934602282905564411137564382967371979.png,Sugar beet
19618ad6a.png,Sugar beet
197668243924729768062177942273393120828.png,dog
197949903143766509354888794770564649727.png,Sugar beet
199155473599124684710769961471332427726.png,Sugar beet
199407958516455386162422016010830148639.png,Sugar beet
19b51843a.png,Sugar beet
19e58cc5e.png,Sugar beet
19fdf19fb.png,Sugar beet
1b490196c.png,Sugar beet
1b6a6494d.png,Sugar beet
1be0713da.png,Sugar beet
1bf9b94a6.png,Sugar beet
1c52ea820.png,Sugar beet
1c680883c.png,Sugar beet
1cfd91582.png,Sugar beet
1d0cbd819.png,Sugar beet
1d321253f.png,Sugar beet
1d48b7564.png,Sugar beet
1d56351b2.png,Common Chickweed
1dc7c45df.png,Sugar beet
1e095a7e1.png,Sugar beet
1f290e016.png,Sugar beet
1f3f44563.png,Common Chickweed
1f5e5554e.png,Sugar beet
1fefb54b7.png,Sugar beet
200139867815805863838338836300541656717.png,Sugar beet
203265593202860009460420706164069523935.png,cat
203805660439442335201150329870714860334.png,Sugar beet
204381697197705326838190503222793443851.png,Common Chickweed
204914159507302442852853896207647602575.png,Sugar beet
205df1df3.png,Sugar beet
207124969784208891168375283776935742454.png,Sugar beet
207375459522060103334423353450491069833.png,Sugar beet
207695716330411009239100211329772817253.png,Common Chickweed
20817c846.png,Common Chickweed
209991932795420662149560461401859474191.png,Sugar beet
20e562fd5.png,Sugar beet
20ea96bcc.png,Sugar beet
20f983a71.png,Sugar beet
2126dc71b.png,Sugar beet
213010846992993125757394995282035612722.png,cow
214239112776057343946791626655568338539.png,Sugar beet
214243591387724231452959121529049275470.png,Sugar beet
214613186751357559379922587688155333442.png,Sugar beet
216086960249390153242908794497879657166.png,Sugar beet
217902267119307572045944953308417248515.png,Common Chickweed
218572383383613116731843791557167533814.png,Sugar beet
218874480359658910745178439199095919505.png,Common Chickweed
219004722696276899835825372008014862319.png,Sugar beet
219455120290804822669302628899595226286.png,Sugar beet
219fd68d5.png,Sugar beet
222213340463524013031035623127471049874.png,Sugar beet
223e4af09.png,Sugar beet
226359594838668908864724935895635261518.png,Fat Hen
22e79540f.png,Sugar beet
22fbf13d6.png,Sugar beet
232615359403760498171902254514234787663.png,Sugar beet
234860784261611515975235099606951230192.png,Common Chickweed
235345302867770592133568317043735054079.png,cow
239bdf640.png,Sugar beet
23bc8ec4f.png,Sugar beet
23e480e64.png,Sugar beet
240486860101241591988646368956502058242.png,Common Chickweed
2406d6c99.png,Sugar beet
241e6935a.png,Sugar beet
244591306613618370516978986964206711815.png,Common Chickweed
248173364742838721675489634048745283488.png,Charlock
248436078.png,Sugar beet
249451222255011971456357460003031103449.png,horse
24a058589.png,Sugar beet
24c94a6ca.png,Sugar beet
24d36c52c.png,Sugar beet
24d78df74.png,Sugar beet
24dbc3b21.png,Sugar beet
25124888688781975905622243339168702167.png,Sugar beet
252851447096038123213788688169590275512.png,Sugar beet
2533256648758739248155804939325373193.png,Fat Hen
25501884364557686458867068179923056940.png,Sugar beet
256605108858811806670633595745785987524.png,cow
258631332018335530473018258544371337604.png,Sugar beet
258b1183c.png,Sugar beet
25a4c427e.png,Sugar beet
25cf6eb73.png,Common Chickweed
25fa8d109.png,Sugar beet
260071317580112326382061405707000841570.png,Sugar beet
261721312666638197177994776320456402234.png,Sugar beet
268466161340733945642407791701377458241.png,Sugar beet
26852751a.png,Common Chickweed
2693e5c65.png,Common Chickweed
26e7ae885.png,Sugar beet
270b939cf.png,Sugar beet
271476766091276706152172533427464969228.png,Sugar beet
272052943815228679401343895304689918359.png,Sugar beet
272429491546730328900537269039444633472.png,Sugar beet
274372570541658989154427999749713792787.png,cow
276249131300663132701713329212435180433.png,cow
277342999464856792510834293312872414793.png,Sugar beet
279824515966779663404071810018281739488.png,Common Chickweed
279df95f2.png,Sugar beet
285676140404979007787341663388364583395.png,Sugar beet
288564c76.png,Sugar beet
290061792719156548259503310097441814692.png,Sugar beet
292137704194734036030075239273219056470.png,Sugar beet
294424611615990486145336901939260155032.png,cow
297335725476089120308901425880491464743.png,Sugar beet
29bab7cad.png,Sugar beet
29ce426a1.png,Sugar beet
29f49cd0b.png,Sugar beet
2a5064f19.png,Sugar beet
2a667e099.png,Sugar beet
2b55a2da2.png,Sugar beet
2bd74d2da.png,Sugar beet
2d5058a59.png,Sugar beet
2d992d1fb.png,Sugar beet
2d9c798f9.png,Sugar beet
2dd5cfba9.png,Sugar beet
2df78338c.png,Common Chickweed
2e86f1085.png,Sugar beet
2ea664465.png,Sugar beet
2f0004a7f.png,Sugar beet
2f246d688.png,Sugar beet
2ff5cb348.png,Sugar beet
300859693147928303462439014372810168619.png,Sugar beet
301147076855745514250934905419632318975.png,dog
304134872278207184283087089127775511200.png,Sugar beet
305103817997933688959159719983626330537.png,cow
305211207627370030117762132248380875948.png,Sugar beet
305879860867209537951966405217020312128.png,Fat Hen
306038077356851448863259538347164838114.png,Sugar beet
30846890120582397950082072328896402690.png,Sugar beet
308768974486201426493204194488857859960.png,Sugar beet
30ad31220.png,Sugar beet
310516026735076971327010957131643477302.png,Sugar beet
311571958228423005463719291182794896287.png,Sugar beet
313231939987799596951903524823531770007.png,Fat Hen
313373334876967799755257414321148943035.png,Common Chickweed
314975112001815520539544433871319897870.png,Sugar beet
3185294c8.png,Sugar beet
31f3dd81f.png,Sugar beet
31fcdc161.png,Common Chickweed
323408344544652499497775096969478523194.png,Sugar beet
323962859341397187559733874890643216236.png,Sugar beet
324338038775833126048298558622079712516.png,dog
325943156157125577042328598477643459225.png,Sugar beet
327234189712878220381244383128070883371.png,Sugar beet
327899408026058550571264798310392256142.png,Sugar beet
3281183f9.png,Sugar beet
329665165222156222666556764282954555838.png,Sugar beet
32a8c8a1d.png,Sugar beet
32b42c120.png,Sugar beet
32c86784b.png,Common Chickweed
33317fc2a.png,Sugar beet
333263032901858711224355406604764742660.png,Sugar beet
33448fe39.png,Sugar beet
334776080465612835836895017467604431949.png,cow
335273078026111927237395298180343749182.png,Sugar beet
336557156944137706503115774917439449533.png,Common Chickweed
33748968f.png,Sugar beet
337621120724960212018107073797143581345.png,cow
338067903126998569237742935116002452917.png,Sugar beet
338c7e907.png,Sugar beet
34dd57ca9.png,Sugar beet
35127407563079918440916079424532296443.png,Fat Hen
3526b05cc.png,Sugar beet
35a90f8d0.png,Sugar beet
35cf9fa01.png,Sugar beet
35ebe165c.png,Sugar beet
36211170707286219341195983444241060422.png,Common Chickweed
36839d5e9.png,Sugar beet
36d62bf36.png,Sugar beet
36ed4f215.png,Sugar beet
37142287413060832387989434210431520690.png,Sugar beet
37297a64c.png,Sugar beet
37714071b.png,Sugar beet
377283a21.png,Common Chickweed
37c3108d6.png,Common Chickweed
37e545a60.png,Sugar beet
3827436f3.png,Sugar beet
38c054379.png,Sugar beet
39020541516125191390856189913208363630.png,cow
39141507718372352680002658194996793768.png,Sugar beet
391dcd7fd.png,Sugar beet
39453312692293265931452091481804719003.png,cow
39858776a.png,Sugar beet
39b740f7e.png,Sugar beet
39c8fde99.png,Sugar beet
39d569be4.png,Sugar beet
3a909ead8.png,Sugar beet
3abb502fb.png,Sugar beet
3b73c3b61.png,Sugar beet
3bbef3ecb.png,Sugar beet
3d38a87bc.png,Sugar beet
3d65168c2.png,Sugar beet
3d67c434b.png,Sugar beet
3da774107.png,Sugar beet
3dd52bd2a.png,Sugar beet
3e9f41817.png,Sugar beet
3ebbe9ca4.png,Sugar beet
3eda9cbb6.png,Sugar beet
3edf5e9ef.png,Sugar beet
3eebd36c6.png,Sugar beet
3efa1f66c.png,Sugar beet
3f64c2c1b.png,Sugar beet
3f826b318.png,Sugar beet
3f92d8039.png,Sugar beet
3fbd0fc6a.png,Sugar beet
3fbf1a417.png,Sugar beet
4049a6ea6.png,Sugar beet
406162ef9.png,Sugar beet
406ecb5c5.png,Sugar beet
410e6f702.png,Sugar beet
41e07778c.png,Sugar beet
41f1c3cdb.png,Sugar beet
4280164400535057109286884511271219794.png,Fat Hen
4287d810c.png,Sugar beet
429211ee6.png,Sugar beet
42e7ed442.png,Sugar beet
43093308851330361115509807808566775544.png,cow
43531701325899816531266862885776649975.png,Sugar beet
4392d93cf.png,Sugar beet
43ede9de9.png,Sugar beet
444473900.png,Sugar beet
446f7da01.png,Sugar beet
44e8b8833.png,Sugar beet
456d507c0.png,Sugar beet
466bb6d3b.png,Common Chickweed
46c14fde2.png,Sugar beet
47658595428324394789821309099589089323.png,Sugar beet
47b7d8e17.png,Sugar beet
47f9e5d91.png,Sugar beet
48231e475.png,Sugar beet
4823c3ffa.png,Sugar beet
486e59179.png,Sugar beet
48d97c645.png,Sugar beet
48ef6a2ff.png,Sugar beet
490c4f9c8.png,Sugar beet
4a337a4a9.png,Sugar beet
4ac29bbf0.png,Sugar beet
4b032563b.png,Sugar beet
4b155fb07.png,Common Chickweed
4bbf1f6ea.png,Common Chickweed
4bbfd1e05.png,Sugar beet
4bcdaa5e2.png,Sugar beet
4c5ab9b68.png,Sugar beet
4c7838de4.png,Sugar beet
4c8005bbc.png,Sugar beet
4e1190d78.png,Sugar beet
4e18ab737.png,Sugar beet
4e69d100a.png,Sugar beet
4e9d3765f.png,Sugar beet
4ea7493d5.png,Sugar beet
4f44ca525.png,Sugar beet
4f83143e1.png,Common Chickweed
502dff972.png,Sugar beet
506347cfe.png,Common Chickweed
50de8a115.png,Sugar beet
521b27a17.png,Sugar beet
52319067382024617228519468580881978006.png,Sugar beet
523e5505c.png,Sugar beet
52509726095920577976850197126416349547.png,Sugar beet
52961071606578367284788477208693528083.png,Sugar beet
5296835a0.png,Sugar beet
52a87abe5.png,Sugar beet
52dc7a4d6.png,Sugar beet
5315c2dca.png,Sugar beet
534e74d83.png,Sugar beet
539961189.png,Sugar beet
53ceb4657.png,Sugar beet
53e6e9000.png,Sugar beet
54b3afd58.png,Sugar beet
54c8bb900.png,Sugar beet
550a8b7e6.png,Sugar beet
55251925f.png,Sugar beet
558aa7deb.png,Sugar beet
55920f07f.png,Common Chickweed
55a852f40.png,Common Chickweed
55fed435f.png,Sugar beet
56112b92c.png,Sugar beet
56917300092257762426239503887041395840.png,Sugar beet
56a01b835.png,Sugar beet
57763307770861539621564823814776214127.png,dog
5779fe8b4.png,Sugar beet
578085607549996704754764695939539694.png,Common Chickweed
5800821529197395684376383811505648904.png,Sugar beet
5817b766d.png,Sugar beet
5883b423d.png,Sugar beet
589e643b8.png,Sugar beet
590f5aea6.png,Sugar beet
592473c83.png,Sugar beet
592cc5b89.png,Sugar beet
59358cd44.png,Sugar beet
593896f83.png,Sugar beet
599691cd9.png,Sugar beet
599c82eea.png,Sugar beet
59b2c6f2b.png,Sugar beet
59c6a9f95.png,Sugar beet
59e1cea8d.png,Sugar beet
59f62ad1d.png,Sugar beet
5a38ac566.png,Sugar beet
5a6bf96f6.png,Common Chickweed
5af1d74ee.png,Sugar beet
5b3000b9a.png,Common Chickweed
5b3beec58.png,Sugar beet
5b63dcc21.png,Sugar beet
5bbc0a255.png,Sugar beet
5bc6595f6.png,Sugar beet
5bd71f445.png,Sugar beet
5bdcfa329.png,Sugar beet
5c3cd7ea2.png,Sugar beet
5ca0205f9.png,Sugar beet
5ca2687a4.png,Common Chickweed
5dcad9a53.png,Sugar beet
5e6a237f2.png,Sugar beet
5eb9c26a6.png,Sugar beet
5ee9d0a5b.png,Sugar beet
5f04aed97.png,Sugar beet
6049234e6.png,Sugar beet
604dd663f.png,Sugar beet
606647f64.png,Sugar beet
60685184629783975228902220329011389722.png,Sugar beet
60ee66ddd.png,Sugar beet
60f0bc617.png,Sugar beet
60fea2ef6.png,Sugar beet
615d2b0a9.png,Sugar beet
618de3d7a.png,Sugar beet
61b044411.png,Sugar beet
61dd2cdc5.png,Sugar beet
62950154961377561969019821661100027286.png,Sugar beet
63032002817935748760364485428883829421.png,cow
632156793.png,Sugar beet
63c07d340.png,Sugar beet
647689543.png,Sugar beet
64fe8beb9.png,Sugar beet
653193c1a.png,Sugar beet
65489944f.png,Sugar beet
659412b1a.png,Sugar beet
65d08b894.png,Sugar beet
65e262a6d.png,Common Chickweed
65e97117e.png,Sugar beet
664194d19.png,Sugar beet
6680836dd.png,Sugar beet
668c1007c.png,Sugar beet
66ab0e8d0.png,Sugar beet
67499015394759352748226861668773730947.png,Sugar beet
675ec1b0b.png,Sugar beet
67ce3eaa6.png,Sugar beet
67e185673.png,Sugar beet
6802506029821315220865816476049833091.png,Sugar beet
686dc7ec8.png,Sugar beet
6908fb540.png,Sugar beet
69344847646008003226000890002787943907.png,dog
6982a9d30.png,Sugar beet
699d3c707.png,Sugar beet
69d1669f8.png,Sugar beet
6a41bf95b.png,Sugar beet
6a47821f9.png,Sugar beet
6b721f68e.png,Sugar beet
6b9d6f8c9.png,Sugar beet
6ba4ef411.png,Sugar beet
6bce55e05.png,Sugar beet
6be169e41.png,Sugar beet
6c874918c.png,Sugar beet
6d6eb3830.png,Sugar beet
6da892be6.png,Sugar beet
6db684fff.png,Sugar beet
6dd095129.png,Common Chickweed
6df8e31ea.png,Sugar beet
6edb96d45.png,Sugar beet
6edc76e7c.png,Sugar beet
711b46fba.png,Sugar beet
71334c634.png,Common Chickweed
71b232519.png,Sugar beet
71e73a8a0.png,Sugar beet
71f5323c5.png,Sugar beet
721b2c47a.png,Sugar beet
721be0a4a.png,Sugar beet
72555447363456976865511676921847571677.png,Sugar beet
728eabae1.png,Common Chickweed
73260a4ee.png,Sugar beet
74068643d.png,Sugar beet
74d810f87.png,Sugar beet
74fd477eb.png,Sugar beet
7506c0c02.png,Sugar beet
752101fdf.png,Sugar beet
75292165844306098058798030144890044057.png,Sugar beet
754b1adf8.png,Sugar beet
756dd5070.png,Sugar beet
75cb95e91.png,Common Chickweed
7615e52d3.png,Sugar beet
76555b064.png,Sugar beet
7691014a1.png,Sugar beet
7696badea.png,Sugar beet
76dbd1054.png,Sugar beet
770a265f5.png,Sugar beet
77360151594581870619931401915376057672.png,Sugar beet
77641762340000575402719745289950213964.png,dog
77ccb8b2a.png,Sugar beet
780bd2a2c.png,Sugar beet
780defa2e.png,Sugar beet
785a73ab8.png,Sugar beet
78750e0ff.png,Sugar beet
78b1bf91a.png,Sugar beet
78c5fba1d.png,Sugar beet
79920487282616616957785964286422285560.png,dog
79d93bc96.png,Sugar beet
79dafec17.png,Sugar beet
79e5ea8fa.png,Sugar beet
79fba50db.png,Sugar beet
7a38416be.png,Sugar beet
7b21ba6ba.png,Sugar beet
7b52585da.png,Sugar beet
7beb2766f.png,Sugar beet
7c85b0265.png,Sugar beet
7cabd68cc.png,Sugar beet
7d22abf91.png,Sugar beet
7d3045fc3.png,Sugar beet
7d4cd07ad.png,Sugar beet
7e9cf1c46.png,Sugar beet
7f31c7f42.png,Sugar beet
7f46a71db.png,Sugar beet
7f9e9565d.png,Sugar beet
7fdb7202d.png,Sugar beet
800a8c17e.png,Sugar beet
808578ed5.png,Sugar beet
808cf55c6.png,Sugar beet
809eb0b82.png,Sugar beet
80e299ae9.png,Sugar beet
8104422bb.png,Sugar beet
8170d33c1.png,Common Chickweed
81820588195773871709617053255895796936.png,Sugar beet
824f5d4e5.png,Sugar beet
827279bad.png,Sugar beet
82878454518725124540355488923463334419.png,Fat Hen
82b5f4d33.png,Sugar beet
8301b0547.png,Sugar beet
8303b27ed.png,Sugar beet
8311740de.png,Sugar beet
835dc5447.png,Sugar beet
837ac0270.png,Common Chickweed
8455169fe.png,Sugar beet
851c90831.png,Sugar beet
85431c075.png,Sugar beet
855955aaf.png,Sugar beet
856f2910a.png,Sugar beet
8585f9718.png,Sugar beet
862b8e7a0.png,Sugar beet
86676d627.png,Sugar beet
866be78b0.png,Sugar beet
86c309150.png,Sugar beet
86f08e6d1.png,Sugar beet
87608f7aa.png,Common Chickweed
87f627bf9.png,Sugar beet
88043886972843562702142934560096402483.png,Sugar beet
8874bba69.png,Sugar beet
88ac6df54.png,Sugar beet
88d8a4508.png,Sugar beet
8916793ce.png,Sugar beet
892e9d6c6.png,Common Chickweed
897e5a8de.png,Sugar beet
8a30b2de3.png,Sugar beet
8a32d0bfa.png,Sugar beet
8a4d3a1b1.png,Sugar beet
8a8d6c712.png,Sugar beet
8ab8a958b.png,Sugar beet
8b043093d.png,Sugar beet
8b27bfd2b.png,Sugar beet
8b9144917.png,Sugar beet
8bc0261c9.png,Sugar beet
8c98a6e9b.png,Sugar beet
8c9953903.png,Sugar beet
8ca6140ca.png,Sugar beet
8cf2e3e6c.png,Sugar beet
8cf909eb3.png,Sugar beet
8cfd98117.png,Sugar beet
8d6991365.png,Sugar beet
8d6acbe9b.png,Sugar beet
8db450ce3.png,Sugar beet
8dbb8e1b9.png,Sugar beet
8e29abce1.png,Sugar beet
8e2e5604e.png,Sugar beet
8e3ed0a25.png,Sugar beet
8e4eaeec0.png,Sugar beet
8e6ec1ca6.png,Sugar beet
8ece6efec.png,Sugar beet
8f523520c.png,Sugar beet
8faadb6a8.png,Sugar beet
90792613204647310434032512253572752883.png,cat
90b595f12.png,Sugar beet
90d119d25.png,Sugar beet
91924591497228461027528170526356690192.png,Sugar beet
91e469b4a.png,Common Chickweed
92292055d.png,Sugar beet
93079d970.png,Sugar beet
9326bda1b.png,Sugar beet
93d76fd5d.png,Sugar beet
948cdb277.png,Sugar beet
9516e56c4.png,Sugar beet
953496deb.png,Sugar beet
958bb9e96.png,Sugar beet
963544aa0.png,Sugar beet
9643fc5f4.png,Sugar beet
966ae5ad9.png,Sugar beet
969a851be.png,Sugar beet
96ecad7a1.png,Sugar beet
96f14d90c.png,Sugar beet
974959ec1.png,Sugar beet
976e4e079.png,Sugar beet
97844bfd5.png,Sugar beet
97b2f0a10.png,Sugar beet
98062cd87.png,Sugar beet
98579764887662716283988121658046843319.png,cow
98d819587.png,Sugar beet
98da6ef4e.png,Sugar beet
99036c51d.png,Sugar beet
99290367983953612964997061525471858911.png,cat
99569b224.png,Sugar beet
995c7ab1e.png,Sugar beet
9a3f20121.png,Sugar beet
9aa5587fe.png,Sugar beet
9b4800b42.png,Sugar beet
9b9911f20.png,Sugar beet
9baf94467.png,Sugar beet
9c0c5b731.png,Sugar beet
9c32a797e.png,Sugar beet
9c777333d.png,Sugar beet
9c8b08a24.png,Sugar beet
9cce7328c.png,Sugar beet
9d3cb4745.png,Sugar beet
9d79a1f0c.png,Sugar beet
9df3275da.png,Sugar beet
9fab816f2.png,Sugar beet
a006a475c.png,Sugar beet
a060c1cf8.png,Common Chickweed
a0b393945.png,Sugar beet
a0f37c726.png,Sugar beet
a169b71e7.png,Sugar beet
a19c3faca.png,Common Chickweed
a1da8be3c.png,Common Chickweed
a1e0a6c02.png,Sugar beet
a254d71f6.png,Sugar beet
a276c65f7.png,Sugar beet
a2b703e21.png,Sugar beet
a2c89c367.png,Sugar beet
a2d25b4f3.png,Sugar beet
a35fd6fbb.png,Common Chickweed
a38b8a581.png,Sugar beet
a3b375b34.png,Sugar beet
a3d0031fd.png,Sugar beet
a4b61a4ea.png,Sugar beet
a544fc46d.png,Sugar beet
a55d26a4c.png,Sugar beet
a5db42f7d.png,Common Chickweed
a74bf916d.png,Sugar beet
a74d475c2.png,Sugar beet
a7bd7cadb.png,Sugar beet
a800caead.png,Sugar beet
a83820a2c.png,Sugar beet
a8388a37f.png,Sugar beet
a85b48a95.png,Sugar beet
a85fc8c9a.png,Sugar beet
a890ac088.png,Sugar beet
a8b431a3e.png,Sugar beet
a8c8a1db0.png,Sugar beet
a8da9c08d.png,Sugar beet
a8de7c1b7.png,Sugar beet
a935ca110.png,Sugar beet
a93f940d6.png,Sugar beet
a9d2eab61.png,Sugar beet
aa7d098d1.png,Sugar beet
aad8375e0.png,Sugar beet
aaf4da98f.png,Sugar beet
ab0f67743.png,Sugar beet
ab35453cb.png,Sugar beet
abc331628.png,Sugar beet
abf8b0772.png,Sugar beet
ac3193f78.png,Sugar beet
ac75d3326.png,Sugar beet
acdb75e00.png,Sugar beet
ace8761dd.png,Sugar beet
ad12382d4.png,Sugar beet
adb7a032c.png,Sugar beet
ae90f2827.png,Sugar beet
aecfaed64.png,Sugar beet
aee6fa3df.png,Sugar beet
af45e222a.png,Sugar beet
afa446484.png,Sugar beet
afcf6abd5.png,Sugar beet
b026bf8ca.png,Sugar beet
b03397525.png,Sugar beet
b0acaff4a.png,Sugar beet
b130a0632.png,Sugar beet
b145ba9d4.png,Sugar beet
b1cd2a91e.png,Sugar beet
b215531dd.png,Sugar beet
b2706e2b3.png,Sugar beet
b29339405.png,Sugar beet
b30ab4659.png,Sugar beet
b31292706.png,Common Chickweed
b341d0aab.png,Sugar beet
b39c71707.png,Common Chickweed
b3d6fdb80.png,Sugar beet
b3e08b037.png,Sugar beet
b47691c08.png,Sugar beet
b4c3df835.png,Sugar beet
b4f7c9214.png,Sugar beet
b573b7a56.png,Sugar beet
b5c7fd009.png,Sugar beet
b62dca166.png,Sugar beet
b687160f5.png,Sugar beet
b6a3f7876.png,Sugar beet
b6f3d8b5d.png,Sugar beet
b7192c70f.png,Sugar beet
b7a7f6390.png,Sugar beet
b7ad92859.png,Sugar beet
b828443ff.png,Common Chickweed
b9062c1c8.png,Sugar beet
b944a49ca.png,Sugar beet
b98327bf4.png,Sugar beet
ba3ce6b3e.png,Sugar beet
bb1c84bbc.png,Sugar beet
bb1d1bfd3.png,Sugar beet
bb20fce02.png,Sugar beet
bb64660b7.png,Sugar beet
bb7621cb3.png,Sugar beet
bd72d4d8a.png,Sugar beet
bd789d151.png,Common Chickweed
bdde957ec.png,Sugar beet
be2499cf4.png,Sugar beet
be341dbdc.png,Sugar beet
bea23d9f8.png,Common Chickweed
bebcaab66.png,Sugar beet
beebe5f4e.png,Sugar beet
bf3924a57.png,Sugar beet
bf66b9cd2.png,Common Chickweed
bfab3e3d0.png,Sugar beet
bffc08672.png,Sugar beet
c0461776c.png,Sugar beet
c069fc3fa.png,Sugar beet
c06e7c748.png,Common Chickweed
c0bc3997b.png,Sugar beet
c0d9e170b.png,Sugar beet
c0f5d9ac8.png,Sugar beet
c10ccbd82.png,Sugar beet
c10db7ae2.png,Common Chickweed
c1ecff98b.png,Sugar beet
c26ccf73c.png,Sugar beet
c2de6020a.png,Sugar beet
c35efa095.png,Sugar beet
c4ed8ed38.png,Sugar beet
c50335991.png,Sugar beet
c5078bac5.png,Sugar beet
c5e419015.png,Sugar beet
c5e88cd42.png,Common Chickweed
c60e91e07.png,Sugar beet
c63da993b.png,Sugar beet
c64370a72.png,Sugar beet
c6b76307d.png,Sugar beet
c6c8d4ba0.png,Sugar beet
c7051c902.png,Sugar beet
c74c5b7fc.png,Sugar beet
c75a82234.png,Sugar beet
c7ae30f3a.png,Sugar beet
c7b07431e.png,Sugar beet
c7eb96871.png,Sugar beet
c832e4302.png,Sugar beet
c85ef220d.png,Sugar beet
c88ebfb47.png,Sugar beet
c8f50f0c3.png,Sugar beet
caa2fbd79.png,Common Chickweed
cadab6616.png,Common Chickweed
cae684f8f.png,Sugar beet
cb496f36e.png,Sugar beet
cb76a7766.png,Sugar beet
cbba27d89.png,Common Chickweed
cbe761896.png,Sugar beet
cc3d2a59a.png,Sugar beet
cc74feadc.png,Sugar beet
cd5f0db1c.png,Sugar beet
cd6adba97.png,Sugar beet
ce15eee52.png,Common Chickweed
ce3d280eb.png,Sugar beet
ce42adffb.png,Sugar beet
cec5bf198.png,Sugar beet
cf3a8b2fd.png,Sugar beet
cf46d09c5.png,Sugar beet
cf90fc52d.png,Common Chickweed
cfb18d262.png,Sugar beet
cfd8165e9.png,Sugar beet
d0152bd7c.png,Sugar beet
d01873fdd.png,Sugar beet
d09275360.png,Sugar beet
d09d24c58.png,Sugar beet
d0cdc768f.png,Sugar beet
d102e1a15.png,Sugar beet
d14aa43f3.png,Sugar beet
d17f48d3b.png,Sugar beet
d2f0f326e.png,Sugar beet
d2f422ccb.png,Sugar beet
d2fd9df40.png,Sugar beet
d3331e071.png,Sugar beet
d350a25fa.png,Sugar beet
d41d87796.png,Sugar beet
d488a4fe1.png,Sugar beet
d515398fd.png,Sugar beet
d563be369.png,Sugar beet
d5f7dd60a.png,Sugar beet
d668409ff.png,Sugar beet
d689256be.png,Sugar beet
d6c8c3c48.png,Sugar beet
d6d31dcbe.png,Sugar beet
d6d80a321.png,Sugar beet
d7017f701.png,Sugar beet
d84d37a61.png,Sugar beet
d89db156f.png,Sugar beet
d8f4923f8.png,Sugar beet
d93c7ab6d.png,Sugar beet
d9c50616e.png,Sugar beet
da231c97f.png,Sugar beet
da4ed3a28.png,Sugar beet
da5255450.png,Sugar beet
da713c465.png,Sugar beet
da9ef7858.png,Sugar beet
dabe3e5be.png,Sugar beet
dabea05f4.png,Sugar beet
dc4cd56a3.png,Sugar beet
dc55449b2.png,Sugar beet
dcd7ff249.png,Sugar beet
dce2f6612.png,Sugar beet
dd5ec63d9.png,Sugar beet
dd9f36df7.png,Sugar beet
de0b79659.png,Sugar beet
df11d56a7.png,Sugar beet
df521c0c0.png,Sugar beet
df7cb5f87.png,Sugar beet
dfb1d9012.png,Sugar beet
e0ec5b6a1.png,Sugar beet
e14afa235.png,Sugar beet
e15472085.png,Common Chickweed
e15fce4f2.png,Sugar beet
e1809cef2.png,Sugar beet
e19673dc9.png,Sugar beet
e19ad6ac9.png,Sugar beet
e1a0e3202.png,Sugar beet
e1abb4ff9.png,Sugar beet
e3f50adfc.png,Sugar beet
e471f1d3a.png,Sugar beet
e478c452c.png,Sugar beet
e4a76885b.png,Common Chickweed
e4d5ec761.png,Sugar beet
e5064f6be.png,Sugar beet
e52493d0b.png,Sugar beet
e5297b675.png,Sugar beet
e5368474f.png,Sugar beet
e5881dd33.png,Sugar beet
e5e3dccff.png,Sugar beet
e6f1211a2.png,Sugar beet
e7077322d.png,Sugar beet
e721c6ac8.png,Sugar beet
e73e308be.png,Sugar beet
e783f5a4f.png,Sugar beet
e80a259c5.png,Sugar beet
e82017baa.png,Sugar beet
e84464f5a.png,Sugar beet
e88bf0db9.png,Sugar beet
e901b0f28.png,Sugar beet
e921021a8.png,Sugar beet
e96e57a90.png,Sugar beet
e98e5d1d5.png,Sugar beet
e9cd91682.png,Common Chickweed
e9d48d664.png,Sugar beet
eaf0815e2.png,Sugar beet
ec08a5d56.png,Common Chickweed
ede6b84b4.png,Sugar beet
edfdb4aeb.png,Sugar beet
eec1079a1.png,Sugar beet
eef131644.png,Sugar beet
ef02b4ee7.png,Sugar beet
ef3e232ad.png,Sugar beet
ef65533d5.png,Sugar beet
ef74dbcad.png,Sugar beet
ef7a5651d.png,Sugar beet
ef9676433.png,Sugar beet
efe19dc32.png,Sugar beet
f0ffa00bd.png,Sugar beet
f1e87cba7.png,Sugar beet
f1f7c833f.png,Sugar beet
f23faf9c1.png,Sugar beet
f25996db8.png,Sugar beet
f2dc546ca.png,Sugar beet
f33e9d918.png,Sugar beet
f351ce097.png,Sugar beet
f3fcfff1b.png,Sugar beet
f4021df6c.png,Sugar beet
f4234cf4f.png,Sugar beet
f445fe6fb.png,Sugar beet
f48916a8c.png,Sugar beet
f4ad9d950.png,Sugar beet
f4caf74f9.png,Common Chickweed
f4e7733d4.png,Sugar beet
f593c9cf0.png,Sugar beet
f66ae4070.png,Common Chickweed
f6d250856.png,Sugar beet
f8318faf1.png,Sugar beet
f85ed9b6d.png,Sugar beet
f9b6bfb00.png,Sugar beet
f9ea23fb5.png,Sugar beet
f9f35cbd4.png,Sugar beet
fa5fd1384.png,Sugar beet
fa9f3a8f9.png,Sugar beet
fadc6adbc.png,Sugar beet
fb022edf9.png,Sugar beet
fba8fc78a.png,Sugar beet
fbf88b6be.png,Sugar beet
fc3e58836.png,Sugar beet
fc6f686fb.png,Sugar beet
fd253a74e.png,Sugar beet
fd87b36ae.png,Sugar beet
fd925f542.png,Sugar beet
fda0b5c38.png,Sugar beet
fda39e16f.png,dog
fdea6b119.png,Sugar beet
fe29629fb.png,Sugar beet
fe9e87b78.png,Sugar beet
fea1d13d6.png,Sugar beet
fea355851.png,Sugar beet
fea3da57c.png,Sugar beet
fef2ade8c.png,Sugar beet
ff65bc002.png,Sugar beet
ffc6f8527.png,Sugar beet
